{
  "model/models.js.map": 1677557932009,
  "i18n/i18n_en.properties": 1675926286606,
  "Component.js": 1675919649274,
  "model/models.js": 1675919649282,
  "model/formatter.js": 1675924703642,
  "model/data.json": 1677490268190,
  "controller/View1.controller.js": 1675925629894,
  "controller/App.controller.js": 1675926168394,
  "manifest.json": 1677557931598,
  "utils/locate-reuse-libs.js": 1675919649278,
  "controller/App-dbg.controller.js": 1675926168394,
  "controller/App.controller.js.map": 1677557931991,
  "model/models-dbg.js": 1675919649282,
  "i18n/i18n.properties": 1675926248198,
  "model/formatter-dbg.js": 1675924703642,
  "model/formatter.js.map": 1677557931991,
  "controller/View1-dbg.controller.js": 1675925629894,
  "controller/View1.controller.js.map": 1677557932009,
  "Component-dbg.js": 1675919649274,
  "Component.js.map": 1677557932009,
  "utils/locate-reuse-libs-dbg.js": 1675919649278,
  "utils/locate-reuse-libs.js.map": 1677557932046,
  "Component-preload.js": 1677557932388,
  "Component-preload.js.map": 1677557932388,
  "view/View1.view.xml": 1677489561981,
  "view/App.view.xml": 1675919649286,
  "css/style.css": 1675919649286,
  "index.html": 1675919649274
}